ChildOrderId,ParentOrderId,Symbol,Side,Quantity,FilledQuantity
1KN99J,CO001,MSFT,Sell,12,5
5OA2EO,CO001,MSFT,Sell,155,69
8B0KI6,CO001,MSFT,Sell,143,38
KGNOF4,CO001,MSFT,Sell,116,72
O6MKJ6,CO001,MSFT,Sell,43,13
ERMGUK,CO001,MSFT,Sell,18,14
3HTP27,CO001,MSFT,Sell,63,48
B5SWM8,CO001,MSFT,Sell,109,43
KCUNCZ,CO001,MSFT,Sell,73,62
PGYX7U,CO001,MSFT,Sell,48,8
87QRC2,CO001,MSFT,Sell,3,3
QNZ4OJ,CO001,MSFT,Sell,43,17
8WVUZL,CO001,MSFT,Sell,1,1
QOGAVP,CO001,MSFT,Sell,6,3
SHB20Y,CO002,TSLA,Buy,6,2
NVKRIZ,CO002,TSLA,Buy,3,1
QL07A5,CO002,TSLA,Buy,2,0
T5WC33,CO002,TSLA,Buy,2,2
AQOI46,CO002,TSLA,Buy,1,1
NAT2CG,CO003,GOOG,Sell,177,7
WXFCOD,CO003,GOOG,Sell,27,11
AEINOT,CO003,GOOG,Sell,61,38
A4DW1S,CO003,GOOG,Sell,21,16
NYMWJ9,CO003,GOOG,Sell,7,6
K2XDQJ,CO003,GOOG,Sell,47,33
PX3677,CO003,GOOG,Sell,6,3
CZ19UB,CO003,GOOG,Sell,2,2
HZOWQW,CO004,MSFT,Buy,112,11
UB66WL,CO004,MSFT,Buy,41,39
79PGE2,CO004,MSFT,Buy,59,46
VTM1PU,CO004,MSFT,Buy,186,160
DU8236,CO004,MSFT,Buy,193,122
M31YTN,CO004,MSFT,Buy,102,82
P6NL1J,CO004,MSFT,Buy,66,31
EVBXS8,CO005,AAPL,Buy,3,3
23WCKS,CO005,AAPL,Buy,72,23
78ONNW,CO005,AAPL,Buy,3,0
0L0J29,CO006,MSFT,Buy,26,3
2SKK5X,CO006,MSFT,Buy,101,10
5F95EJ,CO006,MSFT,Buy,31,8
NS5UKH,CO006,MSFT,Buy,16,1
RFVP8L,CO006,MSFT,Buy,1,0
HSKHRX,CO007,GOOG,Buy,59,24
1C5M7A,CO007,GOOG,Buy,63,28
K3QO15,CO007,GOOG,Buy,8,5
QWHVKX,CO007,GOOG,Buy,2,1
F7LEYE,CO008,AAPL,Buy,31,20
FCJHPE,CO008,AAPL,Buy,73,33
L2XO87,CO008,AAPL,Buy,61,58
E7MP3C,CO008,AAPL,Buy,102,46
74K8RC,CO008,AAPL,Buy,17,4
EPPGMK,CO008,AAPL,Buy,182,79
ZR8VO6,CO008,AAPL,Buy,173,129
0RAD5E,CO008,AAPL,Buy,31,29
31PGSD,CO008,AAPL,Buy,55,39
NGUUAQ,CO008,AAPL,Buy,1,1
MEFNGW,CO008,AAPL,Buy,5,2
DIX0AH,CO008,AAPL,Buy,3,1
6QAF05,CO009,TSLA,Buy,172,135
24A85O,CO009,TSLA,Buy,179,137
FG4ZEY,CO009,TSLA,Buy,12,9
OOYXBT,CO009,TSLA,Buy,129,70
5XFBCS,CO009,TSLA,Buy,10,4
LIG5MD,CO009,TSLA,Buy,55,55
TXEEDG,CO009,TSLA,Buy,9,5
BMR7CT,CO010,AAPL,Sell,126,78
XW74P2,CO010,AAPL,Sell,14,7
B2NVDQ,CO010,AAPL,Sell,12,12
VZQ9FN,CO010,AAPL,Sell,24,7
2S1EC4,CO010,AAPL,Sell,135,118
1QJERU,CO010,AAPL,Sell,30,28
9QTIKW,CO010,AAPL,Sell,67,18
1D4MQ1,CO010,AAPL,Sell,13,3
S7Q0JR,CO010,AAPL,Sell,195,135
MKWI2N,CO010,AAPL,Sell,61,32
5MKO4N,CO010,AAPL,Sell,15,13
PX1AMV,CO010,AAPL,Sell,2,0
LSD7CM,CO010,AAPL,Sell,1,1
56WNW6,CO011,GOOG,Buy,35,18
GOJCES,CO011,GOOG,Buy,128,56
A4DJD1,CO011,GOOG,Buy,21,8
Y1BKSE,CO011,GOOG,Buy,175,12
EQ2AGB,CO011,GOOG,Buy,196,138
TJUA34,CO011,GOOG,Buy,188,87
7SNGVO,CO011,GOOG,Buy,13,0
0I46W5,CO011,GOOG,Buy,5,3
ZZQ5CA,CO011,GOOG,Buy,3,3
RAHMUG,CO011,GOOG,Buy,1,1
1RARFY,CO011,GOOG,Buy,1,0
UM3E3B,CO012,MSFT,Sell,120,104
EKNX39,CO012,MSFT,Sell,170,16
UAJTPX,CO012,MSFT,Sell,2,1
EFH2KP,CO012,MSFT,Sell,8,4
FGLYXG,CO012,MSFT,Sell,2,1
1PA3T1,CO012,MSFT,Sell,5,5
MFBYXJ,CO012,MSFT,Sell,1,1
NILAW7,CO013,AAPL,Buy,154,123
FWZRDR,CO013,AAPL,Buy,85,18
WS4GLS,CO013,AAPL,Buy,113,25
JBDAJM,CO013,AAPL,Buy,31,10
JQA7FD,CO013,AAPL,Buy,91,23
QIHV0C,CO013,AAPL,Buy,83,18
9G118W,CO013,AAPL,Buy,25,14
BEK2AY,CO013,AAPL,Buy,22,22
EPFBSS,CO013,AAPL,Buy,3,2
6XMV2S,CO013,AAPL,Buy,1,1
YK7GNQ,CO013,AAPL,Buy,2,2
BG6C1K,CO014,AMZN,Sell,62,57
0DVMVE,CO014,AMZN,Sell,105,0
CO1NML,CO014,AMZN,Sell,13,1
F0PJPC,CO014,AMZN,Sell,1,1
QIUKXC,CO014,AMZN,Sell,1,1
2UC8A7,CO015,MSFT,Buy,103,34
DZL3XC,CO015,MSFT,Buy,155,152
E5X4OZ,CO015,MSFT,Buy,62,36
3A5L1G,CO015,MSFT,Buy,161,154
QCJ90K,CO015,MSFT,Buy,85,32
1B0E7W,CO015,MSFT,Buy,63,59
6WTN98,CO015,MSFT,Buy,12,3
49KC5D,CO015,MSFT,Buy,23,3
XND9SV,CO015,MSFT,Buy,11,6
TEMUD4,CO015,MSFT,Buy,86,18
ZAWZTL,CO015,MSFT,Buy,3,3
O17QJ8,CO016,MSFT,Sell,54,15
PIVC7T,CO016,MSFT,Sell,119,5
4RGW4I,CO016,MSFT,Sell,2,0
F228B3,CO017,AAPL,Buy,91,5
PM32EM,CO017,AAPL,Buy,74,34
3DM3RV,CO017,AAPL,Buy,76,10
95Z9GD,CO017,AAPL,Buy,130,79
0QHAW1,CO017,AAPL,Buy,65,27
NL9FC3,CO017,AAPL,Buy,13,2
G8MCCX,CO017,AAPL,Buy,4,1
JKP6SW,CO017,AAPL,Buy,10,9
PLFTDD,CO017,AAPL,Buy,1,0
9W7O2K,CO017,AAPL,Buy,1,1
TCO50L,CO017,AAPL,Buy,1,1
2ICQN8,CO018,TSLA,Sell,32,3
9HVN0F,CO018,TSLA,Sell,54,6
EU7ZY7,CO018,TSLA,Sell,43,28
CJUCOI,CO018,TSLA,Sell,92,70
P3QJZG,CO018,TSLA,Sell,158,55
33NCLB,CO018,TSLA,Sell,9,4
O0FL3Q,CO018,TSLA,Sell,196,3
UIH4N1,CO018,TSLA,Sell,22,17
V8B5E0,CO018,TSLA,Sell,3,1
RKP9SB,CO018,TSLA,Sell,2,2
N5UG84,CO018,TSLA,Sell,2,2
OHXEXZ,CO019,GOOG,Sell,41,2
M51Z3L,CO019,GOOG,Sell,29,21
GCHW04,CO019,GOOG,Sell,9,2
4IV0ZA,CO019,GOOG,Sell,76,63
PVI7CJ,CO020,MSFT,Buy,30,16
V19D0U,CO020,MSFT,Buy,37,1
ZHOZLM,CO020,MSFT,Buy,4,0
HWI7WQ,CO020,MSFT,Buy,38,31
HY325V,CO020,MSFT,Buy,13,10
VJBY2W,CO020,MSFT,Buy,1,0
52V4BF,CO020,MSFT,Buy,3,2
M6PMHQ,CO020,MSFT,Buy,1,1
9GJODD,CO021,GOOG,Buy,108,89
XC6PFH,CO021,GOOG,Buy,11,2
YDMLBR,CO021,GOOG,Buy,5,0
6FQ73T,CO021,GOOG,Buy,19,6
PGLJKN,CO021,GOOG,Buy,4,2
H0E66N,CO021,GOOG,Buy,3,1
ME458P,CO021,GOOG,Buy,1,0
VW5O2V,CO021,GOOG,Buy,1,1
2VBOMN,CO022,GOOG,Sell,114,111
528P6H,CO022,GOOG,Sell,37,17
ETI8EN,CO023,GOOG,Buy,187,157
QQSDD7,CO023,GOOG,Buy,82,35
TBGVAJ,CO023,GOOG,Buy,24,5
SDBPXC,CO023,GOOG,Buy,141,14
057HXJ,CO023,GOOG,Buy,136,15
60P5R2,CO023,GOOG,Buy,38,32
6AAG2V,CO023,GOOG,Buy,17,15
JBBP2J,CO023,GOOG,Buy,1,1
ZR905X,CO023,GOOG,Buy,2,0
P948DN,CO023,GOOG,Buy,4,3
QOKRE2,CO023,GOOG,Buy,1,0
TO5IUF,CO023,GOOG,Buy,2,1
X8L57G,CO023,GOOG,Buy,1,1
WSDMPA,CO023,GOOG,Buy,3,3
0B97HG,CO024,GOOG,Sell,81,19
OT2YWL,CO024,GOOG,Sell,17,5
RDCY45,CO024,GOOG,Sell,1,0
9QKLLR,CO024,GOOG,Sell,1,0
HUYPRE,CO024,GOOG,Sell,1,0
LE6NTE,CO025,AMZN,Sell,94,14
RAHFCY,CO025,AMZN,Sell,180,172
5K5CCG,CO025,AMZN,Sell,169,45
OPBYFP,CO025,AMZN,Sell,94,71
MNWA7W,CO025,AMZN,Sell,40,19
8GIBWM,CO025,AMZN,Sell,8,7
KGVHLL,CO025,AMZN,Sell,12,10
NKKAHX,CO025,AMZN,Sell,1,1
QUAUID,CO025,AMZN,Sell,5,5
2BFUYJ,CO025,AMZN,Sell,7,2
20FAF0,CO025,AMZN,Sell,1,1
U1WT53,CO026,AAPL,Sell,145,139
55254N,CO026,AAPL,Sell,86,84
7UHW0T,CO026,AAPL,Sell,92,44
7QSNU5,CO026,AAPL,Sell,126,113
HQX6LX,CO026,AAPL,Sell,100,64
08G30T,CO026,AAPL,Sell,79,61
I27FU3,CO026,AAPL,Sell,12,12
L0H782,CO026,AAPL,Sell,4,4
75HAE3,CO026,AAPL,Sell,6,0
B1X06U,CO026,AAPL,Sell,1,0
N71F9T,CO026,AAPL,Sell,2,1
3SKXG7,CO026,AAPL,Sell,1,1
3YA88P,CO027,AAPL,Buy,12,5
KHSDOR,CO027,AAPL,Buy,17,11
TTOWGR,CO027,AAPL,Buy,33,30
354WBH,CO027,AAPL,Buy,1,1
9CUCAY,CO027,AAPL,Buy,3,3
2CYYAG,CO027,AAPL,Buy,3,1
022DVD,CO027,AAPL,Buy,6,1
7L8R9Y,CO028,MSFT,Sell,12,1
AZAB7N,CO028,MSFT,Sell,45,0
ESNILI,CO028,MSFT,Sell,137,106
V29X09,CO028,MSFT,Sell,68,12
TB81UP,CO028,MSFT,Sell,41,35
QTEEGW,CO028,MSFT,Sell,82,72
PKW8H1,CO028,MSFT,Sell,13,1
Q888SU,CO028,MSFT,Sell,3,3
RRYWV1,CO028,MSFT,Sell,1,0
D9CEJJ,CO028,MSFT,Sell,3,3
2QSROQ,CO028,MSFT,Sell,4,4
LZIJ9T,CO028,MSFT,Sell,1,1
6TYHEM,CO029,TSLA,Buy,154,87
SBJJ9X,CO029,TSLA,Buy,77,58
LTKFMF,CO029,TSLA,Buy,200,58
C1KXEK,CO029,TSLA,Buy,2,1
WT8ADZ,CO029,TSLA,Buy,2,1
R3Y525,CO029,TSLA,Buy,43,22
IZG4VN,CO029,TSLA,Buy,129,108
ZX7Q1V,CO029,TSLA,Buy,2,2
7ZWUB8,CO029,TSLA,Buy,15,10
H05U2N,CO029,TSLA,Buy,8,6
IY3ZQL,CO030,TSLA,Buy,19,4
T0LZCM,CO030,TSLA,Buy,158,0
5PXDT5,CO030,TSLA,Buy,188,126
1APN8P,CO030,TSLA,Buy,91,32
95WS4E,CO030,TSLA,Buy,182,108
L7X7TW,CO030,TSLA,Buy,53,14
LFDULN,CO030,TSLA,Buy,48,18
O1QK52,CO030,TSLA,Buy,104,12
GNPO2Q,CO030,TSLA,Buy,133,90
QSPFVC,CO030,TSLA,Buy,7,5
QAND76,CO031,GOOG,Buy,91,86
0ZOS55,CO031,GOOG,Buy,28,20
7DO6BD,CO031,GOOG,Buy,42,32
BEN0O3,CO031,GOOG,Buy,22,12
BL76S7,CO031,GOOG,Buy,13,8
IG8P4S,CO031,GOOG,Buy,6,6
BTPILA,CO031,GOOG,Buy,7,2
0C29SW,CO032,TSLA,Sell,58,9
009C9S,CO032,TSLA,Sell,38,23
D4JBCR,CO032,TSLA,Sell,53,42
ANGI0T,CO032,TSLA,Sell,29,11
66YGAW,CO032,TSLA,Sell,108,38
8T8Q2Y,CO032,TSLA,Sell,177,105
8JALRI,CO032,TSLA,Sell,28,3
EU8XV3,CO032,TSLA,Sell,31,3
KE07M6,CO032,TSLA,Sell,5,5
GYKHXN,CO032,TSLA,Sell,1,1
QAFD0W,CO032,TSLA,Sell,6,1
78T4BG,CO032,TSLA,Sell,1,0
Q4T0J1,CO033,GOOG,Sell,3,3
XX6SZI,CO033,GOOG,Sell,98,96
HMIZ67,CO033,GOOG,Sell,47,21
ADX159,CO033,GOOG,Sell,72,19
NKQH6E,CO033,GOOG,Sell,106,37
EPMZFY,CO033,GOOG,Sell,47,13
34WCJ9,CO033,GOOG,Sell,80,14
UKB07I,CO033,GOOG,Sell,93,13
QEJM90,CO033,GOOG,Sell,38,7
OEJONY,CO033,GOOG,Sell,28,16
GH3SBM,CO033,GOOG,Sell,3,3
UG4OZG,CO034,AAPL,Sell,33,13
L0Y7XW,CO034,AAPL,Sell,51,48
R4JXWK,CO034,AAPL,Sell,146,35
TXE3ZI,CO034,AAPL,Sell,6,0
LXRRJ1,CO034,AAPL,Sell,1,0
NTF322,CO035,AAPL,Buy,142,118
GFSRSZ,CO035,AAPL,Buy,169,0
2I23T5,CO035,AAPL,Buy,36,3
09PMNN,CO035,AAPL,Buy,108,87
T2E7Z2,CO036,TSLA,Sell,1,1
TKJG4X,CO036,TSLA,Sell,4,0
7R76ZZ,CO036,TSLA,Sell,4,0
MB88NP,CO036,TSLA,Sell,1,0
OQBV1O,CO036,TSLA,Sell,1,1
MA77KM,CO036,TSLA,Sell,1,1
L3BE8C,CO037,MSFT,Sell,46,39
81TH1V,CO037,MSFT,Sell,80,65
BCWVPF,CO037,MSFT,Sell,68,29
EOJZIU,CO037,MSFT,Sell,73,5
5I8WBA,CO037,MSFT,Sell,180,25
3GUTIZ,CO037,MSFT,Sell,83,71
JGDSU8,CO037,MSFT,Sell,198,144
SYA9UD,CO037,MSFT,Sell,10,4
OH2OLE,CO037,MSFT,Sell,2,0
SAGOPN,CO037,MSFT,Sell,2,1
CJ61R1,CO037,MSFT,Sell,1,0
44VB4D,CO038,TSLA,Sell,11,5
1OGPIR,CO038,TSLA,Sell,126,126
K0YKPR,CO038,TSLA,Sell,160,28
O964J3,CO038,TSLA,Sell,95,56
KPX8BZ,CO038,TSLA,Sell,11,3
95WASL,CO038,TSLA,Sell,19,15
DZ4QZM,CO038,TSLA,Sell,187,14
GV10V4,CO038,TSLA,Sell,140,122
T2C3WK,CO038,TSLA,Sell,110,51
N2S364,CO038,TSLA,Sell,130,0
IP058S,CO038,TSLA,Sell,5,4
QHN1R4,CO038,TSLA,Sell,2,2
PDGUFN,CO038,TSLA,Sell,1,0
I0BHGY,CO039,MSFT,Buy,44,21
IP6KUG,CO039,MSFT,Buy,86,43
Q255CT,CO039,MSFT,Buy,17,7
918P4C,CO039,MSFT,Buy,174,165
R8YS6N,CO039,MSFT,Buy,103,20
P1PAOE,CO039,MSFT,Buy,105,95
2XMS45,CO039,MSFT,Buy,170,25
7VEMOU,CO039,MSFT,Buy,2,0
P37N0E,CO039,MSFT,Buy,3,0
KTQ35D,CO039,MSFT,Buy,7,5
KJAN42,CO040,AAPL,Sell,14,14
AQUIKB,CO040,AAPL,Sell,19,11
467PA9,CO040,AAPL,Sell,3,1
ZH9XVN,CO040,AAPL,Sell,11,7
C187NQ,CO040,AAPL,Sell,1,1
ZXOCMM,CO041,TSLA,Sell,55,24
ISFV6Q,CO041,TSLA,Sell,69,5
WPQE8G,CO041,TSLA,Sell,6,3
CWKFS0,CO041,TSLA,Sell,1,1
GUWW11,CO041,TSLA,Sell,1,1
8J00JE,CO042,MSFT,Sell,55,7
P48EVL,CO042,MSFT,Sell,168,157
ZSTMRI,CO042,MSFT,Sell,93,9
VL5G6Q,CO042,MSFT,Sell,55,38
VHUIJE,CO042,MSFT,Sell,1,1
6CG1LX,CO043,MSFT,Sell,127,64
9L1PAM,CO043,MSFT,Sell,28,7
6UF4SG,CO043,MSFT,Sell,158,8
BVPEU5,CO043,MSFT,Sell,96,77
1LOFZA,CO043,MSFT,Sell,195,151
Q3VQMR,CO043,MSFT,Sell,77,2
OXK12Y,CO043,MSFT,Sell,9,9
PK5HRC,CO043,MSFT,Sell,1,0
X2ERHE,CO043,MSFT,Sell,15,1
XZE5GA,CO043,MSFT,Sell,1,1
5AKD96,CO043,MSFT,Sell,1,0
A0PRLZ,CO043,MSFT,Sell,1,1
J865MG,CO043,MSFT,Sell,2,2
ABLOV6,CO044,AMZN,Sell,185,138
C6TF0D,CO044,AMZN,Sell,116,49
K4QFXJ,CO044,AMZN,Sell,161,108
AT72M8,CO044,AMZN,Sell,178,6
8FBR0T,CO044,AMZN,Sell,58,17
WERG4X,CO044,AMZN,Sell,1,0
AMHHJP,CO044,AMZN,Sell,10,7
4HJXOY,CO044,AMZN,Sell,25,1
08D9GD,CO044,AMZN,Sell,1,0
BJEIKT,CO045,AMZN,Sell,118,67
2VJU9O,CO045,AMZN,Sell,160,34
6I0ZSK,CO045,AMZN,Sell,196,54
57ZDRI,CO045,AMZN,Sell,135,76
TI6JJ2,CO045,AMZN,Sell,37,29
YBKJXZ,CO045,AMZN,Sell,29,9
YXDTGW,CO045,AMZN,Sell,3,3
EIDGKZ,CO045,AMZN,Sell,79,57
OEW2FE,CO045,AMZN,Sell,65,64
BUQ9NA,CO045,AMZN,Sell,14,5
L7PMZE,CO045,AMZN,Sell,31,3
9BCQ3X,CO045,AMZN,Sell,47,3
QQSFHW,CO045,AMZN,Sell,1,0
OQP3JH,CO045,AMZN,Sell,2,0
KTBC3V,CO046,TSLA,Sell,17,11
OOKSNJ,CO046,TSLA,Sell,35,20
PX2IAZ,CO046,TSLA,Sell,99,19
JIQVIV,CO046,TSLA,Sell,57,22
0TQXA7,CO046,TSLA,Sell,14,7
OZ8C6Y,CO046,TSLA,Sell,38,5
16S9QK,CO046,TSLA,Sell,1,0
GZ8KNG,CO046,TSLA,Sell,1,0
1DKWO4,CO046,TSLA,Sell,8,8
YOLGKO,CO046,TSLA,Sell,2,2
H1ZOWR,CO046,TSLA,Sell,1,0
GHGWT8,CO047,TSLA,Sell,164,93
TDE2LF,CO047,TSLA,Sell,127,65
U0II1T,CO047,TSLA,Sell,155,109
DEV4GO,CO047,TSLA,Sell,143,65
S4RY8H,CO047,TSLA,Sell,155,26
A8VI2Z,CO047,TSLA,Sell,144,79
96B7ZC,CO047,TSLA,Sell,23,14
3K2QB3,CO047,TSLA,Sell,13,10
RB4CFR,CO047,TSLA,Sell,2,2
GKNFK4,CO047,TSLA,Sell,2,1
012URZ,CO047,TSLA,Sell,3,1
Z8X4EA,CO048,AAPL,Buy,80,1
Y4VGKG,CO048,AAPL,Buy,116,6
MEZ9E4,CO048,AAPL,Buy,160,140
YIGUN2,CO048,AAPL,Buy,87,84
IFXE0U,CO048,AAPL,Buy,22,21
KZEE5B,CO048,AAPL,Buy,9,5
1SBTI1,CO048,AAPL,Buy,1,1
L8MANN,CO048,AAPL,Buy,1,0
31137E,CO048,AAPL,Buy,1,1
WUOCJ3,CO049,AMZN,Sell,116,10
JDMRYP,CO049,AMZN,Sell,143,143
ZH3LIK,CO049,AMZN,Sell,75,17
F727MB,CO049,AMZN,Sell,25,16
YQIOJR,CO049,AMZN,Sell,74,45
QPJ2WW,CO049,AMZN,Sell,4,3
HNG94V,CO049,AMZN,Sell,64,8
PJZXB9,CO049,AMZN,Sell,12,1
SRPZYJ,CO049,AMZN,Sell,2,0
RGK9XH,CO049,AMZN,Sell,2,2
K3J6FG,CO049,AMZN,Sell,2,1
J09GP4,CO049,AMZN,Sell,4,0
YJ2K78,CO050,GOOG,Buy,166,51
NDAXYR,CO050,GOOG,Buy,60,55
YT4LW5,CO050,GOOG,Buy,164,11
G2U7ZF,CO050,GOOG,Buy,30,28
LLGUQ8,CO050,GOOG,Buy,50,34
B5N4HD,CO050,GOOG,Buy,167,136
30X2MS,CO050,GOOG,Buy,181,135
EM8QAC,CO050,GOOG,Buy,76,31
AXEXYQ,CO050,GOOG,Buy,3,0
SBM98Q,CO050,GOOG,Buy,8,0
5X3SIT,CO050,GOOG,Buy,2,0
URRJF7,CO050,GOOG,Buy,1,1
C087ID,CO050,GOOG,Buy,1,1
MHFTLN,CO051,AAPL,Sell,86,35
XU6HHR,CO051,AAPL,Sell,13,2
83NPTU,CO051,AAPL,Sell,122,22
S5NZYM,CO051,AAPL,Sell,10,10
AOSUBS,CO052,TSLA,Sell,70,13
UBJJ51,CO052,TSLA,Sell,43,23
T76UE3,CO052,TSLA,Sell,26,11
BQMIAS,CO052,TSLA,Sell,138,93
8RJ48M,CO052,TSLA,Sell,29,8
65LKLA,CO052,TSLA,Sell,180,37
22G9R2,CO052,TSLA,Sell,33,27
5OC8M7,CO052,TSLA,Sell,159,150
W7ISM9,CO052,TSLA,Sell,4,2
51NGWX,CO052,TSLA,Sell,15,4
62C226,CO052,TSLA,Sell,17,3
SK98KD,CO053,MSFT,Buy,59,38
J9A7RY,CO053,MSFT,Buy,148,15
OFMXZS,CO053,MSFT,Buy,150,87
Z40IU7,CO053,MSFT,Buy,39,12
CYA2OE,CO053,MSFT,Buy,2,1
G3EOCM,CO053,MSFT,Buy,5,3
Y3SKF6,CO053,MSFT,Buy,2,1
YZC5J6,CO053,MSFT,Buy,2,2
YVEDH4,CO054,GOOG,Sell,43,17
LIRWIB,CO054,GOOG,Sell,143,130
EWTWNI,CO054,GOOG,Sell,24,3
QQ4V58,CO054,GOOG,Sell,93,72
A7N8AK,CO054,GOOG,Sell,45,2
RJI6VJ,CO054,GOOG,Sell,39,25
85ZGEO,CO054,GOOG,Sell,15,8
NMQPNY,CO054,GOOG,Sell,4,0
C7SVO2,CO054,GOOG,Sell,1,0
8ESMW6,CO055,AAPL,Sell,110,99
IF5C3E,CO055,AAPL,Sell,30,13
N9O152,CO055,AAPL,Sell,15,2
7KH0ZL,CO055,AAPL,Sell,21,20
KPSR15,CO055,AAPL,Sell,28,8
83CA98,CO055,AAPL,Sell,1,0
64Y8S6,CO055,AAPL,Sell,1,0
MW7XTH,CO056,AAPL,Buy,146,83
5LRURB,CO056,AAPL,Buy,86,83
JX2U7F,CO056,AAPL,Buy,34,7
J6OIQ9,CO056,AAPL,Buy,17,13
YRDO0B,CO056,AAPL,Buy,1,1
4KPJWZ,CO056,AAPL,Buy,1,0
PB9UOJ,CO057,GOOG,Buy,183,47
5QBQT9,CO057,GOOG,Buy,62,1
QCXYGQ,CO057,GOOG,Buy,97,79
D50R1X,CO057,GOOG,Buy,70,3
6NBZ41,CO057,GOOG,Buy,116,11
A1V57X,CO057,GOOG,Buy,59,46
DMV7EO,CO057,GOOG,Buy,4,1
9SUSSY,CO057,GOOG,Buy,23,15
5R0PFK,CO057,GOOG,Buy,51,13
6BBODD,CO057,GOOG,Buy,1,0
S4KR4N,CO057,GOOG,Buy,1,0
9YFTAT,CO057,GOOG,Buy,2,1
A9P0NF,CO057,GOOG,Buy,1,1
5I3N53,CO058,AMZN,Sell,1,0
DW4BNN,CO058,AMZN,Sell,84,63
93XN8Y,CO058,AMZN,Sell,1,0
VM2P9L,CO058,AMZN,Sell,1,1
6J0QYY,CO058,AMZN,Sell,1,1
YV9SZ6,CO059,AAPL,Sell,176,36
B1RUGO,CO059,AAPL,Sell,53,45
PD77AB,CO059,AAPL,Sell,74,6
I46VA6,CO059,AAPL,Sell,2,2
2K2TNY,CO059,AAPL,Sell,1,1
74OD03,CO060,AMZN,Buy,61,12
TQEN14,CO060,AMZN,Buy,89,51
FVQ29V,CO060,AMZN,Buy,179,83
14MF4K,CO060,AMZN,Buy,37,14
A07ALU,CO060,AMZN,Buy,62,50
OJS2VN,CO060,AMZN,Buy,71,35
DN0D2X,CO060,AMZN,Buy,59,51
LD9YY1,CO060,AMZN,Buy,46,14
J2RU9I,CO060,AMZN,Buy,53,36
2076XL,CO060,AMZN,Buy,82,35
KW73AV,CO060,AMZN,Buy,60,27
PTDOXA,CO060,AMZN,Buy,22,8
C9P318,CO061,MSFT,Sell,22,19
1H89TR,CO061,MSFT,Sell,116,22
LKT81S,CO061,MSFT,Sell,28,28
EHF4K2,CO061,MSFT,Sell,177,91
4KPQW6,CO061,MSFT,Sell,199,132
OVC9ON,CO061,MSFT,Sell,159,10
E4HY55,CO061,MSFT,Sell,35,4
6PYZR9,CO061,MSFT,Sell,42,21
20XFCF,CO061,MSFT,Sell,58,29
C528LL,CO061,MSFT,Sell,26,4
SKF5FX,CO061,MSFT,Sell,2,1
C6AHPN,CO062,MSFT,Sell,95,57
Q7IH42,CO062,MSFT,Sell,156,71
FEB4OO,CO062,MSFT,Sell,9,1
M546YD,CO062,MSFT,Sell,20,13
N07SAJ,CO062,MSFT,Sell,10,3
70I9JS,CO062,MSFT,Sell,2,0
QGQ18K,CO062,MSFT,Sell,2,2
4JEORP,CO062,MSFT,Sell,3,0
C9UUIB,CO063,AAPL,Sell,137,85
P3PTKQ,CO063,AAPL,Sell,128,61
4WYDNM,CO063,AAPL,Sell,28,9
M2IB2T,CO063,AAPL,Sell,141,25
B31KZQ,CO063,AAPL,Sell,171,143
JLU6KS,CO063,AAPL,Sell,1,0
OAD2QR,CO063,AAPL,Sell,70,14
A94P8Z,CO063,AAPL,Sell,17,7
3NBD47,CO063,AAPL,Sell,1,0
Y69WP5,CO064,AMZN,Buy,107,36
EAKHUS,CO064,AMZN,Buy,44,27
1FK8OG,CO064,AMZN,Buy,65,19
YZYHV6,CO064,AMZN,Buy,98,93
XX8O1L,CO064,AMZN,Buy,55,2
8U238A,CO064,AMZN,Buy,24,13
PBU8T1,CO064,AMZN,Buy,7,3
MDPFIR,CO064,AMZN,Buy,1,0
VP5S4Q,CO064,AMZN,Buy,5,4
7I63OG,CO064,AMZN,Buy,2,2
8EO0AD,CO064,AMZN,Buy,2,2
WLP187,CO065,MSFT,Buy,56,32
IU8ARW,CO065,MSFT,Buy,195,128
3ODW78,CO065,MSFT,Buy,161,134
Z4I0MY,CO065,MSFT,Buy,102,87
CX013B,CO065,MSFT,Buy,56,28
IXZYYM,CO065,MSFT,Buy,146,1
0BNQJX,CO065,MSFT,Buy,35,28
5399S5,CO065,MSFT,Buy,33,9
0M9IBW,CO065,MSFT,Buy,19,4
YWF2ZM,CO065,MSFT,Buy,10,3
TKJBEH,CO065,MSFT,Buy,3,3
ZGW5MH,CO065,MSFT,Buy,11,9
IDBMES,CO065,MSFT,Buy,8,1
OF67JH,CO065,MSFT,Buy,4,0
VOCW5I,CO065,MSFT,Buy,2,1
TWEVMG,CO066,AAPL,Buy,114,53
CCMKCD,CO066,AAPL,Buy,139,107
MRVUXR,CO066,AAPL,Buy,19,8
T64ZO9,CO066,AAPL,Buy,79,0
0NTGW1,CO066,AAPL,Buy,84,65
OD1QEM,CO066,AAPL,Buy,125,11
B94JKF,CO066,AAPL,Buy,14,3
LWFXSL,CO066,AAPL,Buy,70,0
20J68O,CO066,AAPL,Buy,4,4
6WU02N,CO066,AAPL,Buy,181,174
T9C20K,CO066,AAPL,Buy,114,51
L5XAPV,CO067,AMZN,Buy,181,140
S7OHBW,CO067,AMZN,Buy,68,66
J7CQP5,CO067,AMZN,Buy,16,11
SESSUL,CO067,AMZN,Buy,1,0
128P82,CO067,AMZN,Buy,22,6
QWBEZA,CO067,AMZN,Buy,2,0
WNGOFL,CO067,AMZN,Buy,3,1
KY5W65,CO067,AMZN,Buy,1,1
YC21LA,CO068,GOOG,Sell,163,132
JDO7OW,CO068,GOOG,Sell,195,188
0I25XE,CO068,GOOG,Sell,123,59
RKU11N,CO068,GOOG,Sell,13,1
TFOG8B,CO068,GOOG,Sell,35,30
PHHQRD,CO068,GOOG,Sell,55,4
JF6FIV,CO068,GOOG,Sell,156,41
1VUO1L,CO068,GOOG,Sell,63,21
JY1A7O,CO068,GOOG,Sell,6,1
68V078,CO068,GOOG,Sell,1,0
Z296E7,CO068,GOOG,Sell,1,1
Z5PI2P,CO069,MSFT,Buy,105,17
M50MEJ,CO069,MSFT,Buy,41,11
3QDEIR,CO069,MSFT,Buy,39,7
RHRKZT,CO069,MSFT,Buy,67,28
YZCKJY,CO069,MSFT,Buy,56,32
BP03EQ,CO069,MSFT,Buy,80,61
4OG90L,CO069,MSFT,Buy,14,3
BT40SA,CO069,MSFT,Buy,2,0
MCID3B,CO069,MSFT,Buy,2,2
5G0E23,CO069,MSFT,Buy,1,1
HP2V83,CO070,MSFT,Sell,169,57
1S00TW,CO070,MSFT,Sell,153,7
4WBY7Y,CO070,MSFT,Sell,50,36
P0BB00,CO070,MSFT,Sell,42,27
XC9ONR,CO070,MSFT,Sell,160,130
NR2FI5,CO070,MSFT,Sell,64,52
VNGC3X,CO070,MSFT,Sell,1,1
J8D3H4,CO070,MSFT,Sell,3,2
GQEXNJ,CO070,MSFT,Sell,3,0
A1MT25,CO070,MSFT,Sell,4,0
WC337A,CO070,MSFT,Sell,2,1
KL7Y1G,CO070,MSFT,Sell,2,0
AWJ2N6,CO071,AAPL,Buy,87,22
K4XX7K,CO071,AAPL,Buy,5,3
RGUEM3,CO071,AAPL,Buy,1,1
ALMEUN,CO071,AAPL,Buy,1,1
ARHZJ8,CO071,AAPL,Buy,3,2
GXJF8T,CO072,AMZN,Sell,134,58
LOT64K,CO072,AMZN,Sell,100,3
ARTHN4,CO072,AMZN,Sell,41,20
XF87VQ,CO072,AMZN,Sell,45,19
9YA1T0,CO072,AMZN,Sell,164,114
XZ643N,CO072,AMZN,Sell,41,23
PG9OKV,CO072,AMZN,Sell,17,15
C62K9V,CO072,AMZN,Sell,21,13
6EX2GK,CO072,AMZN,Sell,5,2
AE0U9Z,CO072,AMZN,Sell,3,0
9R9C8X,CO072,AMZN,Sell,1,0
M0EXAF,CO073,AMZN,Buy,112,14
UFKJIL,CO073,AMZN,Buy,18,7
Q8T3L0,CO073,AMZN,Buy,118,40
9N0JFU,CO073,AMZN,Buy,195,84
KCPBKK,CO073,AMZN,Buy,6,1
MBIRSH,CO073,AMZN,Buy,1,0
BRP5G3,CO074,AMZN,Buy,9,3
8311JS,CO074,AMZN,Buy,42,30
X12Z6A,CO074,AMZN,Buy,171,145
TSMSJT,CO074,AMZN,Buy,11,11
4GVUDI,CO074,AMZN,Buy,4,3
X2N9EX,CO074,AMZN,Buy,19,19
YEW7YY,CO074,AMZN,Buy,2,0
T9F4E9,CO074,AMZN,Buy,2,0
UMDTQZ,CO075,TSLA,Buy,13,6
OYRU3Y,CO075,TSLA,Buy,39,23
OVARGB,CO075,TSLA,Buy,66,23
D5YXG9,CO075,TSLA,Buy,149,71
7CX1QZ,CO075,TSLA,Buy,44,42
LYGTTL,CO075,TSLA,Buy,67,41
1A008B,CO075,TSLA,Buy,96,80
22FX2C,CO075,TSLA,Buy,65,24
QI0B0O,CO075,TSLA,Buy,81,32
ODCMLX,CO075,TSLA,Buy,13,11
UG4PCA,CO076,AAPL,Buy,124,19
JH2MAF,CO076,AAPL,Buy,71,10
7PZ5C0,CO076,AAPL,Buy,11,4
IQ5D6E,CO076,AAPL,Buy,4,4
T0M4FF,CO076,AAPL,Buy,11,3
OH087Z,CO076,AAPL,Buy,7,4
P9ZMCD,CO076,AAPL,Buy,1,0
X6E4SL,CO077,AMZN,Buy,105,51
SPG53I,CO077,AMZN,Buy,39,17
A1A0VB,CO077,AMZN,Buy,76,63
T3AVKO,CO077,AMZN,Buy,138,97
YT35QV,CO077,AMZN,Buy,27,6
P88SZ9,CO077,AMZN,Buy,193,35
DQXMT8,CO077,AMZN,Buy,154,130
SDOGMZ,CO077,AMZN,Buy,77,0
R2UNMP,CO077,AMZN,Buy,3,1
8LORNV,CO077,AMZN,Buy,5,3
SBXM8U,CO077,AMZN,Buy,1,0
DB1I7C,CO077,AMZN,Buy,1,1
F2UK5P,CO078,AMZN,Buy,161,21
0KDBLZ,CO078,AMZN,Buy,171,109
TV28XR,CO078,AMZN,Buy,161,145
1ALWMV,CO078,AMZN,Buy,86,20
HDN24F,CO078,AMZN,Buy,80,53
HPHGRE,CO078,AMZN,Buy,2,0
GLHNE4,CO078,AMZN,Buy,1,1
ZZKKPK,CO078,AMZN,Buy,1,1
3AL81U,CO079,AMZN,Buy,34,7
RRF5KJ,CO079,AMZN,Buy,122,82
9YWRCL,CO079,AMZN,Buy,9,0
7L0G4L,CO080,MSFT,Sell,17,17
ZDAFMA,CO080,MSFT,Sell,8,0
TA0I5D,CO080,MSFT,Sell,3,0
KYVWO8,CO080,MSFT,Sell,26,14
L05O4G,CO080,MSFT,Sell,2,1
7FNB3X,CO080,MSFT,Sell,9,3
S8FHHO,CO081,TSLA,Sell,37,9
20FM9L,CO081,TSLA,Sell,73,42
HYZH84,CO081,TSLA,Sell,100,94
T3SNL0,CO081,TSLA,Sell,97,54
PFNJBC,CO081,TSLA,Sell,180,69
6WFPI6,CO082,AAPL,Buy,73,15
E2EUW1,CO082,AAPL,Buy,10,2
FEZZK7,CO082,AAPL,Buy,190,53
MIM1CV,CO082,AAPL,Buy,85,40
VF98VR,CO082,AAPL,Buy,4,3
ZOLFS3,CO082,AAPL,Buy,2,0
H4QFMD,CO082,AAPL,Buy,74,40
GUSKM8,CO082,AAPL,Buy,189,160
8483RU,CO082,AAPL,Buy,1,0
697MRS,CO082,AAPL,Buy,139,10
WK3CI6,CO082,AAPL,Buy,49,34
NSKHDT,CO082,AAPL,Buy,42,6
CB9T2Z,CO082,AAPL,Buy,66,41
2KDAPF,CO082,AAPL,Buy,1,0
X4JSQH,CO083,MSFT,Buy,77,10
EMSQAC,CO083,MSFT,Buy,125,92
W1ZL14,CO083,MSFT,Buy,182,74
OTQ2RS,CO083,MSFT,Buy,46,33
6B9K3R,CO083,MSFT,Buy,31,5
VSKU67,CO083,MSFT,Buy,71,19
TT1FD7,CO083,MSFT,Buy,93,25
VMKJ54,CO083,MSFT,Buy,129,27
U4ON12,CO083,MSFT,Buy,49,13
8K5NWU,CO083,MSFT,Buy,4,2
ROLNJP,CO083,MSFT,Buy,41,18
JRAQ6W,CO083,MSFT,Buy,3,1
TOATZ5,CO083,MSFT,Buy,1,0
TU6UBF,CO083,MSFT,Buy,1,0
H1BOOY,CO084,TSLA,Sell,65,41
ZX0CJF,CO084,TSLA,Sell,163,0
ZNBM7G,CO084,TSLA,Sell,41,10
AEMZBE,CO084,TSLA,Sell,135,17
15G1EV,CO084,TSLA,Sell,23,3
GFJCKA,CO084,TSLA,Sell,1,0
V0EGGE,CO085,MSFT,Buy,58,11
ELMZL3,CO085,MSFT,Buy,63,15
XRBI3M,CO085,MSFT,Buy,146,11
3R0LFE,CO085,MSFT,Buy,151,107
4S48CK,CO085,MSFT,Buy,133,74
OHNW6X,CO085,MSFT,Buy,123,111
NM6XTQ,CO085,MSFT,Buy,6,2
J2KZ3K,CO085,MSFT,Buy,29,21
H2F9X6,CO085,MSFT,Buy,84,11
U9AZD1,CO085,MSFT,Buy,10,8
PRKVDU,CO085,MSFT,Buy,7,1
SAZ7JR,CO085,MSFT,Buy,2,2
5RX2EQ,CO085,MSFT,Buy,1,0
FGMDAZ,CO086,AAPL,Sell,89,12
SSGLFN,CO086,AAPL,Sell,164,32
1YVND4,CO086,AAPL,Sell,106,53
DMIL3Z,CO086,AAPL,Sell,13,11
R7GATN,CO086,AAPL,Sell,11,3
YIO9OX,CO086,AAPL,Sell,15,5
BKJ5J7,CO086,AAPL,Sell,58,25
8II72S,CO086,AAPL,Sell,25,6
0G3Y4S,CO086,AAPL,Sell,55,23
XCNIJP,CO086,AAPL,Sell,4,3
OG3FVZ,CO086,AAPL,Sell,13,7
7MEM9V,CO086,AAPL,Sell,8,7
MN4J2B,CO087,AAPL,Sell,140,104
022A1H,CO087,AAPL,Sell,131,85
0NN6BK,CO087,AAPL,Sell,129,109
6OBXB8,CO087,AAPL,Sell,79,27
PFV6UX,CO087,AAPL,Sell,136,49
8W90BA,CO087,AAPL,Sell,133,34
BMGRAR,CO087,AAPL,Sell,53,21
OTMH46,CO087,AAPL,Sell,40,15
9LZ06H,CO087,AAPL,Sell,19,16
J62UI1,CO087,AAPL,Sell,26,17
FV8ICS,CO087,AAPL,Sell,74,71
FBISN8,CO087,AAPL,Sell,12,8
13YG0R,CO087,AAPL,Sell,1,1
S8QWVH,CO088,AMZN,Sell,42,10
FA7801,CO088,AMZN,Sell,154,116
QTLH25,CO088,AMZN,Sell,12,5
C2ZWBV,CO088,AMZN,Sell,20,8
JFNFWQ,CO088,AMZN,Sell,136,69
TZKUX2,CO088,AMZN,Sell,108,42
JNONUD,CO088,AMZN,Sell,55,36
ZESUKM,CO088,AMZN,Sell,62,2
VLUDWT,CO088,AMZN,Sell,123,70
PSK9TT,CO088,AMZN,Sell,2,0
OAHF4K,CO088,AMZN,Sell,7,5
4EZHIE,CO088,AMZN,Sell,2,0
17IAG7,CO089,AAPL,Buy,126,25
SYB941,CO089,AAPL,Buy,153,146
F9VNSM,CO089,AAPL,Buy,105,64
9MFGQT,CO089,AAPL,Buy,131,105
KDVPS3,CO089,AAPL,Buy,177,88
Z7JCR7,CO089,AAPL,Buy,21,18
LW7VPJ,CO089,AAPL,Buy,31,3
3JQKNS,CO089,AAPL,Buy,6,0
O5VAZH,CO089,AAPL,Buy,3,3
KR4DHC,CO090,MSFT,Buy,152,126
G5SVDB,CO090,MSFT,Buy,1,1
WEZZN0,CO091,AMZN,Sell,106,98
AFYHO3,CO091,AMZN,Sell,6,2
M8W6CL,CO091,AMZN,Sell,44,20
MR7MFJ,CO091,AMZN,Sell,1,0
BE246Y,CO091,AMZN,Sell,9,5
1MB2RU,CO091,AMZN,Sell,1,0
7Z7L9X,CO091,AMZN,Sell,4,1
KHRLSL,CO091,AMZN,Sell,3,2
VQW8HA,CO091,AMZN,Sell,1,1
FAJLGB,CO092,AMZN,Sell,53,36
UZ7KF4,CO092,AMZN,Sell,129,67
9U6AOT,CO092,AMZN,Sell,95,56
D9HZKP,CO092,AMZN,Sell,129,39
1M3RXR,CO092,AMZN,Sell,194,25
BO34UT,CO092,AMZN,Sell,194,75
N6YNKN,CO092,AMZN,Sell,154,60
GCFOXC,CO092,AMZN,Sell,3,0
EUTK3U,CO092,AMZN,Sell,12,2
85XU3J,CO092,AMZN,Sell,14,0
8P6RSH,CO092,AMZN,Sell,1,1
YG1ONS,CO093,AMZN,Buy,13,9
OWWOZL,CO093,AMZN,Buy,127,82
VXJM24,CO093,AMZN,Buy,109,31
RRKM6T,CO093,AMZN,Buy,16,11
R853PS,CO093,AMZN,Buy,186,159
T7GK6U,CO093,AMZN,Buy,21,2
LZID0O,CO093,AMZN,Buy,11,2
1WBKLP,CO093,AMZN,Buy,26,23
9CRN2M,CO093,AMZN,Buy,16,14
9IM250,CO093,AMZN,Buy,18,1
FVSYDO,CO093,AMZN,Buy,6,1
MHSPW1,CO093,AMZN,Buy,2,1
4IN0PR,CO093,AMZN,Buy,1,0
PXFVFJ,CO093,AMZN,Buy,1,1
950NND,CO094,MSFT,Buy,155,107
7PQS2I,CO094,MSFT,Buy,192,124
F0HX03,CO094,MSFT,Buy,145,91
MZKZA3,CO094,MSFT,Buy,142,124
8OQ6XT,CO094,MSFT,Buy,130,82
W65L8A,CO094,MSFT,Buy,2,2
ELWHKQ,CO094,MSFT,Buy,4,3
V4CW2Z,CO094,MSFT,Buy,10,6
B9NZWX,CO095,TSLA,Sell,12,8
NDPOEG,CO095,TSLA,Sell,52,30
8H5TAZ,CO095,TSLA,Sell,48,13
D5V318,CO095,TSLA,Sell,32,5
BI56TC,CO095,TSLA,Sell,37,14
XEKG4G,CO095,TSLA,Sell,19,18
E9E2MY,CO095,TSLA,Sell,13,12
F9Y34W,CO095,TSLA,Sell,39,12
B05L8F,CO095,TSLA,Sell,23,23
OZH12N,CO095,TSLA,Sell,7,0
R3Z10Z,CO095,TSLA,Sell,1,1
5HPXMI,CO095,TSLA,Sell,1,0
0USAVH,CO096,GOOG,Buy,148,78
X1V5XB,CO096,GOOG,Buy,56,10
3EP6V3,CO096,GOOG,Buy,64,25
V1OP5P,CO096,GOOG,Buy,166,133
M5YXFA,CO096,GOOG,Buy,38,26
9SEKNP,CO096,GOOG,Buy,15,5
E340SH,CO096,GOOG,Buy,188,108
CMMSRR,CO096,GOOG,Buy,157,138
W9DGHS,CO096,GOOG,Buy,52,32
8PHP0P,CO096,GOOG,Buy,2,2
MV18K9,CO096,GOOG,Buy,3,1
1L0V22,CO097,AAPL,Sell,8,2
QLAU2T,CO097,AAPL,Sell,27,15
BKMEBR,CO097,AAPL,Sell,33,29
0BL93I,CO097,AAPL,Sell,13,11
0MLF5Y,CO097,AAPL,Sell,4,2
SA2V2U,CO097,AAPL,Sell,2,1
6KPYF3,CO097,AAPL,Sell,1,0
3Z6D0Y,CO097,AAPL,Sell,2,2
RO63RD,CO098,MSFT,Buy,80,34
RX89IT,CO098,MSFT,Buy,23,14
F3BV4N,CO098,MSFT,Buy,137,2
CN2097,CO098,MSFT,Buy,75,25
I8ZII8,CO098,MSFT,Buy,18,17
L496KD,CO098,MSFT,Buy,42,35
B37JR1,CO098,MSFT,Buy,195,118
T8LLE1,CO098,MSFT,Buy,42,35
8ORLIZ,CO098,MSFT,Buy,16,14
3NAU3M,CO098,MSFT,Buy,1,1
KJ5895,CO098,MSFT,Buy,1,1
3SYJSF,CO098,MSFT,Buy,31,27
2KFFKJ,CO099,GOOG,Buy,176,114
EDNVX2,CO099,GOOG,Buy,114,58
Y3C0XD,CO099,GOOG,Buy,153,36
8BELD5,CO099,GOOG,Buy,92,41
4KZISN,CO099,GOOG,Buy,139,17
TJ90AP,CO099,GOOG,Buy,27,11
QP4XVI,CO099,GOOG,Buy,4,3
CEN53I,CO100,AMZN,Buy,17,16
BQCVZB,CO100,AMZN,Buy,104,27
1VNJBR,CO100,AMZN,Buy,2,1
ETOXXR,CO100,AMZN,Buy,132,92
Y1WD0D,CO100,AMZN,Buy,189,95
FK4DME,CO100,AMZN,Buy,66,37
XR6AEV,CO100,AMZN,Buy,33,33
1QBS2T,CO100,AMZN,Buy,4,4
UN4MZ7,CO100,AMZN,Buy,6,3
SBDLYQ,CO100,AMZN,Buy,4,4
VWLSM8,CO100,AMZN,Buy,3,2
V1NA65,CO101,MSFT,Sell,37,9
DB3TE3,CO101,MSFT,Sell,196,95
GPTIHF,CO101,MSFT,Sell,12,1
9BMGQG,CO101,MSFT,Sell,6,0
T4WN4E,CO101,MSFT,Sell,8,3
K7TZ7X,CO101,MSFT,Sell,4,4
BEERTI,CO102,AAPL,Sell,79,6
CZZZRT,CO102,AAPL,Sell,1,0
1O7IB7,CO102,AAPL,Sell,14,11
5JC1WQ,CO102,AAPL,Sell,5,3
M962QO,CO102,AAPL,Sell,2,1
778BXY,CO103,TSLA,Buy,68,68
ELWLKW,CO103,TSLA,Buy,173,173
NJGDOR,CO103,TSLA,Buy,188,13
BA3QBG,CO103,TSLA,Buy,60,11
P9F1MX,CO103,TSLA,Buy,76,26
9ECOQA,CO103,TSLA,Buy,10,10
7M1TC5,CO103,TSLA,Buy,1,1
6LK9VG,CO103,TSLA,Buy,1,0
HD5G51,CO103,TSLA,Buy,1,0
U4U9FC,CO104,AAPL,Buy,7,1
845V5M,CO104,AAPL,Buy,96,68
PFV28N,CO104,AAPL,Buy,181,55
KPEZ51,CO104,AAPL,Buy,29,0
R08L82,CO104,AAPL,Buy,1,0
DSGE3X,CO104,AAPL,Buy,120,111
CXAA3L,CO104,AAPL,Buy,182,40
9RRVP4,CO104,AAPL,Buy,108,85
PRT8KD,CO104,AAPL,Buy,5,4
DLDND2,CO104,AAPL,Buy,19,19
G56JPV,CO104,AAPL,Buy,61,23
1KX2BY,CO104,AAPL,Buy,15,0
TM0S7F,CO104,AAPL,Buy,3,1
GPPYMS,CO105,GOOG,Buy,95,92
996VG7,CO105,GOOG,Buy,3,7
0CS66A,CO105,GOOG,Buy,1,0
ECYOYT,CO106,MSFT,Sell,30,2
ZBAIA8,CO106,MSFT,Sell,150,47
NL0PL9,CO106,MSFT,Sell,41,37
QWBZXZ,CO106,MSFT,Sell,105,91
MZOGG4,CO106,MSFT,Sell,193,116
METLJD,CO106,MSFT,Sell,174,174
YM8CG8,CO106,MSFT,Sell,39,13
GNHCNS,CO106,MSFT,Sell,127,44
DKQAXR,CO106,MSFT,Sell,7,7
STNQZD,CO106,MSFT,Sell,8,8
LNQIXL,CO106,MSFT,Sell,2,0
S4MC6W,CO106,MSFT,Sell,1,1
B6GRXY,CO107,MSFT,Buy,123,73
2N2QQ1,CO107,MSFT,Buy,11,9
KXO8XX,CO107,MSFT,Buy,6,6
0PQI55,CO107,MSFT,Buy,1,0
FTZC2I,CO107,MSFT,Buy,2,2
M17787,CO108,AMZN,Buy,83,45
H2IVNG,CO108,AMZN,Buy,157,125
L0WUEZ,CO108,AMZN,Buy,12,9
ORZSEI,CO108,AMZN,Buy,138,8
YBX2J3,CO108,AMZN,Buy,111,107
E3YR9Y,CO108,AMZN,Buy,95,1
B3YUWL,CO108,AMZN,Buy,181,109
62CYR7,CO108,AMZN,Buy,82,22
IKZCJY,CO108,AMZN,Buy,27,4
87VA2M,CO108,AMZN,Buy,79,25
ZL39YG,CO108,AMZN,Buy,1,1
5NHOSM,CO108,AMZN,Buy,7,1
8JK5HW,CO109,MSFT,Sell,165,110
6OZTCI,CO109,MSFT,Sell,14,14
CQBS5P,CO110,AAPL,Sell,194,176
RJ11WZ,CO110,AAPL,Sell,163,143
SIGO11,CO110,AAPL,Sell,195,136
0DZLQA,CO110,AAPL,Sell,62,26
9CNDF5,CO110,AAPL,Sell,6,2
BDRWDU,CO111,AMZN,Buy,82,19
1UKBCE,CO111,AMZN,Buy,8,4
9MS7BC,CO111,AMZN,Buy,161,76
EI1CSS,CO111,AMZN,Buy,48,3
RZ6AHN,CO111,AMZN,Buy,89,73
51OGFV,CO111,AMZN,Buy,4,0
3QPFOR,CO111,AMZN,Buy,1,0
CNG87O,CO111,AMZN,Buy,11,8
SLYOVD,CO111,AMZN,Buy,2,1
3XA9VX,CO111,AMZN,Buy,4,2
UUGH4B,CO111,AMZN,Buy,12,5
L1GKIU,CO111,AMZN,Buy,3,1
O7QOIY,CO111,AMZN,Buy,1,1
2VZZ4V,CO112,GOOG,Sell,97,91
HJX1KS,CO112,GOOG,Sell,6,5
R35CYQ,CO112,GOOG,Sell,37,2
2L614I,CO112,GOOG,Sell,8,3
27J1ZX,CO112,GOOG,Sell,3,1
IHJGVI,CO113,MSFT,Sell,4,4
Z9VZ2K,CO113,MSFT,Sell,124,105
HWA94C,CO113,MSFT,Sell,2,1
GJVA61,CO113,MSFT,Sell,97,34
K9PD5W,CO113,MSFT,Sell,74,65
JFJF61,CO113,MSFT,Sell,66,3
9IGWW5,CO113,MSFT,Sell,24,7
J7E8J4,CO113,MSFT,Sell,54,53
YR4R5V,CO113,MSFT,Sell,2,0
S8O8PP,CO113,MSFT,Sell,186,147
PRBHAN,CO113,MSFT,Sell,21,17
6MHS0G,CO113,MSFT,Sell,94,77
34ORZ8,CO113,MSFT,Sell,146,106
55NOGK,CO113,MSFT,Sell,31,21
Z5BV1B,CO113,MSFT,Sell,3,3
5R42MC,CO113,MSFT,Sell,1,1
2GIS2E,CO114,AAPL,Sell,50,0
PDCTOL,CO114,AAPL,Sell,188,61
RU5QRH,CO114,AAPL,Sell,4,0
1APZ1S,CO114,AAPL,Sell,73,50
7OHSOV,CO114,AAPL,Sell,150,128
5Q04T8,CO114,AAPL,Sell,127,74
PKK67V,CO114,AAPL,Sell,10,4
IL1ZOV,CO114,AAPL,Sell,4,2
56JGRP,CO114,AAPL,Sell,17,6
OYEIDC,CO114,AAPL,Sell,1,0
OESCSK,CO114,AAPL,Sell,1,0
2EQT9K,CO115,AAPL,Sell,87,7
2LCJNB,CO115,AAPL,Sell,132,106
063QLA,CO115,AAPL,Sell,22,2
QVOS7Q,CO115,AAPL,Sell,1,1
FREQER,CO115,AAPL,Sell,1,1
MIZXFO,CO116,MSFT,Sell,51,16
SQX4WF,CO116,MSFT,Sell,46,15
SM0X3A,CO116,MSFT,Sell,74,16
VSQXNL,CO116,MSFT,Sell,4,3
FGFCCG,CO116,MSFT,Sell,2,2
A8UY0B,CO117,GOOG,Buy,106,12
FRLI7N,CO117,GOOG,Buy,146,84
I203RN,CO117,GOOG,Buy,165,91
TXSBWG,CO117,GOOG,Buy,45,1
IOL58B,CO117,GOOG,Buy,22,11
2SCFSR,CO117,GOOG,Buy,99,59
QUVT02,CO117,GOOG,Buy,2,2
1GBBDB,CO117,GOOG,Buy,2,1
EOCKA4,CO118,TSLA,Sell,156,8
G440Q8,CO118,TSLA,Sell,150,1
9UXSF5,CO118,TSLA,Sell,188,104
TKW5Y5,CO118,TSLA,Sell,68,38
407V1X,CO118,TSLA,Sell,73,46
S00RXU,CO118,TSLA,Sell,37,18
IPHXRV,CO118,TSLA,Sell,17,9
551X06,CO118,TSLA,Sell,105,41
R72NUA,CO118,TSLA,Sell,74,16
8KTREM,CO118,TSLA,Sell,10,8
5M4GAA,CO118,TSLA,Sell,3,3
7JINXS,CO118,TSLA,Sell,1,1
4P1BAU,CO119,MSFT,Buy,118,113
5N9U51,CO119,MSFT,Buy,137,49
EX20CO,CO119,MSFT,Buy,164,125
DFD31R,CO119,MSFT,Buy,102,33
HTKXKB,CO119,MSFT,Buy,2,0
PR7EUX,CO119,MSFT,Buy,4,0
JBS2FE,CO119,MSFT,Buy,8,5
LI6TG2,CO119,MSFT,Buy,1,1
Y59HNB,CO119,MSFT,Buy,1,1
SSBUZA,CO120,AMZN,Sell,44,12
9VP41M,CO120,AMZN,Sell,48,46
R69F4G,CO120,AMZN,Sell,189,8
VBKKK8,CO120,AMZN,Sell,64,11
RG5YZJ,CO120,AMZN,Sell,38,4
AAF8IR,CO120,AMZN,Sell,190,104
WPPYH5,CO120,AMZN,Sell,114,65
CVKPJJ,CO120,AMZN,Sell,10,0
